n_head,attention_mechanism,d_model,output_compression_dim,r,ppl,ppl_norm,pretraining_cka,pretraining_next_token_accuracy,n_params,GFLOPS,max_steps
4,MHA,768,768.0,1.0,52.7398,1.0,0.5684,0.331,81519360,664.287,4000
4,MHAE,768,384.0,0.5,60.411,1.145453718064915,0.5225,0.3203,81526272,664.334,4000
4,MHAE,768,192.0,0.25,58.1421,1.102433077106853,0.4894,0.3237,79753344,649.815,4000
4,MHAE,768,96.0,0.125,54.6716,1.0366288836893578,0.503,0.3285,78866880,642.555,4000
4,MHAE,768,48.0,0.0625,55.865,1.0592569558473865,0.4765,0.3261,78423648,638.925,4000
8,MHA,768,768.0,1.0,52.0256,1.0,0.4663,0.3322,81519360,664.287,4000
8,MHAE,768,384.0,0.5,59.677,1.1470699040472383,0.4686,0.3205,81526272,664.334,4000
8,MHAE,768,192.0,0.25,60.1189,1.155563799360315,0.4689,0.3194,79753344,649.815,4000
8,MHAE,768,96.0,0.125,54.1135,1.0401321657030387,0.4536,0.3295,78866880,642.555,4000
8,MHAE,768,48.0,0.0625,55.118,1.0594399680157462,0.4183,0.3277,78423648,638.925,4000
16,MHA,768,768.0,1.0,53.0005,1.0,0.4073,0.3296,81519360,664.287,4000
16,MHAE,768,384.0,0.5,59.8207,1.1286818048886331,0.4132,0.32,81526272,664.334,4000
16,MHAE,768,192.0,0.25,59.7268,1.126910123489401,0.4179,0.3199,79753344,649.815,4000
16,MHAE,768,96.0,0.125,54.1724,1.0221111121593192,0.4161,0.3288,78866880,642.555,4000
16,MHAE,768,48.0,0.0625,54.5682,1.0295789662361674,0.3641,0.3284,78423648,638.925,4000
32,MHA,768,768.0,1.0,53.487,1.0,0.3329,0.3278,81519360,664.287,4000
32,MHAE,768,384.0,0.5,59.605,1.11438293417092,0.3004,0.3193,81526272,664.334,4000
32,MHAE,768,192.0,0.25,60.4581,1.1303326041841943,0.346,0.3181,79753344,649.815,4000
32,MHAE,768,96.0,0.125,56.2099,1.0509076971974498,0.3426,0.3232,78866880,642.555,4000
32,MHAE,768,48.0,0.0625,54.8455,1.0253986950100025,0.3315,0.3269,78423648,638.925,4000
