model,r,actual_loss,actual_ppl,pretraining_loss,pretraining_ppl
gpt2-medium,1,3.102086213,22.24430927,2.790142253,16.283336
gpt2-medium,0.5,3.149037507,23.31361458,2.804344565,16.51624703
gpt2-medium,0.25,3.366065591,28.96434501,2.86508308,17.55051124
gpt2-medium,0.125,4.014526367,55.39705133,3.009795884,20.28325936
gpt2-medium,0.0625,5.258245953,192.1441657,3.304462498,27.23389937
gpt2-medium,0.03125,6.226871297,506.1693497,3.772930081,43.50735832
gpt2,1,3.41704805,30.4793087,3.096449513,22.11927748
gpt2,0.5,3.490524551,32.80315011,3.119757184,22.6408814
gpt2,0.25,4.744501146,114.9504477,3.231008239,25.30515775
gpt2,0.125,5.774302337,321.9197649,3.468073958,32.0749053
gpt2,0.0625,6.63046575,757.8350501,3.888921447,48.85816196
gpt2,0.03125,7.008113538,1105.566926,4.398791814,81.35252031
gpt2-large,1,2.957035,19.240845,2.632295,13.90565
gpt2-large,0.5,2.989632,19.878362,2.641887,14.039669
gpt2-large,0.25,3.164284,23.671798,2.686481,14.679923
gpt2-large,0.125,3.744033,42.268105,2.802754,16.489994
gpt2-large,0.0625,6.116286,453.178667,3.050893,21.134208
gpt2-large,0.03125,7.734977,2286.955094,3.445632,31.363112
